0;base, ;2502;2524;22;0,871632329635503
1;base, f9, ;2551;2594;43;1,65767154973015
2;base, f8, ;2721;2765,5;44,5;1,60911227626107
3;base, f8, f9, ;2770;2828;58;2,05091937765205
4;base, f7, ;4601;4754,5;153,5;3,22852034914291
5;base, f7, f8, ;4820;4973;153;3,0766137140559
6;base, f7, f9, ;4650;4801;151;3,14517808789836
7;base, f7, f8, f9, ;4869;5051;182;3,60324688180559
8;base, f6, ;2901;2937;36;1,22574055158324
9;base, f6, f9, ;2950;2999,5;49,5;1,65027504584097
10;base, f6, f7, ;6599;6767;168;2,48263632333382
11;base, f6, f7, f9, ;6648;6837;189;2,76437033786749
12;base, f6, f8, ;3120;3163;43;1,35946885867847
13;base, f6, f7, f8, ;6818;7008,5;190,5;2,71812798744382
14;base, f6, f8, f9, ;3169;3226;57;1,76689398636081
15;base, f6, f7, f8, f9, ;6867;7071;204;2,88502333474756
16;base, f5, ;3102;3155,5;53,5;1,69545238472509
17;base, f5, f9, ;3151;3210;59;1,8380062305296
18;base, f5, f8, ;3321;3389,5;68,5;2,02094704233663
19;base, f5, f8, f9, ;3370;3452;82;2,37543453070684
20;base, f5, f6, ;3501;3561;60;1,68491996630161
21;base, f5, f6, f8, ;3720;3795;75;1,97628458498023
22;base, f5, f6, f9, ;3550;3623,5;73,5;2,02842555540224
23;base, f5, f6, f8, f9, ;3769;3850;81;2,1038961038961
24;base, f5, f7, ;6400;6611;211;3,19165027983664
25;base, f5, f7, f9, ;6449;6689;240;3,58798026610853
26;base, f5, f6, f7, ;8398;8646,5;248,5;2,87399525819696
27;base, f5, f6, f7, f9, ;8447;8709;262;3,00838213342519
28;base, f5, f7, f8, ;6619;6845;226;3,30168005843682
29;base, f5, f6, f7, f8, ;8617;8880,5;263,5;2,96717527166263
30;base, f5, f7, f8, f9, ;6668;6915;247;3,57194504699928
31;base, f5, f6, f7, f8, f9, ;8666;8950,5;284,5;3,17859337467181
32;base, f4, ;2701;2726;25;0,917094644167278
33;base, f4, f9, ;2750;2804;54;1,92582025677603
34;base, f4, f8, ;2920;2968;48;1,61725067385444
35;base, f4, f8, f9, ;2969;3030,5;61,5;2,02936809107408
36;base, f4, f7, ;5599;5753;154;2,67686424474188
37;base, f4, f7, f8, ;5818;5994,5;176,5;2,94436566852949
38;base, f4, f7, f9, ;5648;5823;175;3,00532371629744
39;base, f4, f7, f8, f9, ;5867;6049;182;3,00876177880642
40;base, f4, f5, ;3301;3358;57;1,69743895175699
41;base, f4, f5, f9, ;3350;3413;63;1,84588338704951
42;base, f4, f5, f7, ;7398;7625;227;2,97704918032787
43;base, f4, f5, f7, f9, ;7447;7687;240;3,12215428645766
44;base, f4, f5, f8, ;3520;3584;64;1,78571428571429
45;base, f4, f5, f7, f8, ;7617;7866,5;249,5;3,17167736604588
46;base, f4, f5, f8, f9, ;3569;3647;78;2,13874417329312
47;base, f4, f5, f7, f8, f9, ;7666;7929;263;3,31693782318072
48;base, f4, f6, ;3100;3140;40;1,27388535031847
49;base, f4, f6, f9, ;3149;3194;45;1,40889167188479
50;base, f4, f6, f8, ;3319;3374;55;1,63011262596325
51;base, f4, f6, f8, f9, ;3368;3428;60;1,75029171528588
52;base, f4, f5, f6, ;3700;3764;64;1,70031880977683
53;base, f4, f5, f6, f8, ;3919;3998;79;1,97598799399699
54;base, f4, f5, f6, f9, ;3749;3818;69;1,80722891566265
55;base, f4, f5, f6, f8, f9, ;3968;4060;92;2,26600985221675
56;base, f4, f6, f7, ;7597;7788,5;191,5;2,45875329010721
57;base, f4, f6, f7, f9, ;7646;7851;205;2,61113233982933
58;base, f4, f5, f6, f7, ;9396;9653;257;2,66238475085466
59;base, f4, f5, f6, f7, f9, ;9445;9723;278;2,85919983544174
60;base, f4, f6, f7, f8, ;7816;8022,5;206,5;2,574010595201
61;base, f4, f5, f6, f7, f8, ;9615;9894,5;279,5;2,82480165748649
62;base, f4, f6, f7, f8, f9, ;7865;8085;220;2,72108843537416
63;base, f4, f5, f6, f7, f8, f9, ;9664;9965;301;3,02057200200703
64;base, f3, ;4612;4643;31;0,667671763945719
65;base, f3, f9, ;4661;4705,5;44,5;0,94570183827436
66;base, f3, f8, ;4831;4892,5;61,5;1,25702606029637
67;base, f3, f8, f9, ;4880;4947;67;1,35435617545987
68;base, f3, f7, ;6711;6858;147;2,1434820647419
69;base, f3, f7, f8, ;6930;7100;170;2,3943661971831
70;base, f3, f7, f9, ;6760;6920,5;160,5;2,31919658984178
71;base, f3, f7, f8, f9, ;6979;7170;191;2,66387726638773
72;base, f3, f6, ;6059;6117;58;0,948177211051174
73;base, f3, f6, f9, ;6157;6250;93;1,488
74;base, f3, f6, f7, ;13455;13808,5;353,5;2,56001738059891
75;base, f3, f6, f7, f9, ;13553;13933;380;2,7273379745927
76;base, f3, f6, f8, ;6477;6562;85;1,29533678756476
77;base, f3, f6, f7, f8, ;13873;14245;372;2,61144261144261
78;base, f3, f6, f8, f9, ;6575;6686,5;111,5;1,66753907126299
79;base, f3, f6, f7, f8, f9, ;13971;14370;399;2,77661795407099
80;base, f3, f4, ;4811;4846;35;0,722245150639708
81;base, f3, f4, f9, ;4860;4908;48;0,977995110024452
82;base, f3, f4, f8, ;5030;5095,5;65,5;1,28544794426455
83;base, f3, f4, f8, f9, ;5079;5158;79;1,53160139588988
84;base, f3, f4, f6, ;6457;6534;77;1,17845117845118
85;base, f3, f4, f6, f8, ;6875;6960;85;1,22126436781609
86;base, f3, f4, f6, f9, ;6555;6648;93;1,39891696750902
87;base, f3, f4, f6, f8, f9, ;6973;7084;111;1,56691134952004
88;base, f3, f4, f7, ;7709;7864;155;1,97100712105798
89;base, f3, f4, f7, f9, ;7758;7934,5;176,5;2,22446278908564
90;base, f3, f4, f6, f7, ;15452;15828;376;2,37553702299722
91;base, f3, f4, f6, f7, f9, ;15550;15961;411;2,5750266274043
92;base, f3, f4, f7, f8, ;7928;8130;202;2,48462484624847
93;base, f3, f4, f6, f7, f8, ;15870;16273;403;2,4764948073496
94;base, f3, f4, f7, f8, f9, ;7977;8184;207;2,52932551319648
95;base, f3, f4, f6, f7, f8, f9, ;15968;16398;430;2,6222710086596
96;base, f3, f5, ;5212;5282,5;70,5;1,33459536204448
97;base, f3, f5, f9, ;5261;5337;76;1,42402098557243
98;base, f3, f5, f8, ;5431;5524;93;1,68356263577118
99;base, f3, f5, f8, f9, ;5480;5571;91;1,63345898402441
100;base, f3, f5, f7, ;8510;8738;228;2,60929274433509
101;base, f3, f5, f7, f8, ;8729;8983,5;254,5;2,83297155896922
102;base, f3, f5, f7, f9, ;8559;8808;249;2,82697547683924
103;base, f3, f5, f7, f8, f9, ;8778;9042;264;2,91970802919708
104;base, f3, f4, f5, ;5411;5485,5;74,5;1,3581259684623
105;base, f3, f4, f5, f9, ;5460;5548;88;1,58615717375631
106;base, f3, f4, f5, f7, ;9508;9768;260;2,66175266175266
107;base, f3, f4, f5, f7, f9, ;9557;9822;265;2,698024842191
108;base, f3, f4, f5, f8, ;5630;5719,5;89,5;1,5648220998339
109;base, f3, f4, f5, f7, f8, ;9727;9986;259;2,59363108351693
110;base, f3, f4, f5, f8, f9, ;5679;5774;95;1,64530654658816
111;base, f3, f4, f5, f7, f8, f9, ;9776;10056;280;2,78440731901352
112;base, f3, f5, f6, ;6958;7061;103;1,45871689562385
113;base, f3, f5, f6, f9, ;7056;7194;138;1,91826522101752
114;base, f3, f5, f6, f8, ;7376;7498;122;1,62710056014937
115;base, f3, f5, f6, f8, f9, ;7474;7630,5;156,5;2,0509796212568
116;base, f3, f4, f5, f6, ;7356;7459;103;1,38088215578496
117;base, f3, f4, f5, f6, f8, ;7774;7903,5;129,5;1,63851458214715
118;base, f3, f4, f5, f6, f9, ;7454;7591,5;137,5;1,81123625107027
119;base, f3, f4, f5, f6, f8, f9, ;7872;8020;148;1,84538653366583
120;base, f3, f5, f6, f7, ;16752;17248;496;2,87569573283859
121;base, f3, f5, f6, f7, f9, ;16850;17365;515;2,96573567520875
122;base, f3, f4, f5, f6, f7, ;18749;19252;503;2,61271556201953
123;base, f3, f4, f5, f6, f7, f9, ;18847;19385,5;538,5;2,77784942353821
124;base, f3, f5, f6, f7, f8, ;17170;17677;507;2,86813373309951
125;base, f3, f4, f5, f6, f7, f8, ;19167;19705;538;2,73027150469424
126;base, f3, f5, f6, f7, f8, f9, ;17268;17802;534;2,99966295921807
127;base, f3, f4, f5, f6, f7, f8, f9, ;19265;19837,5;572,5;2,88594833018273
128;base, f2, ;8613;8636,5;23,5;0,272100966826841
129;base, f2, f9, ;8662;8699;37;0,425336245545466
130;base, f2, f8, ;8832;8878;46;0,518134715025909
131;base, f2, f8, f9, ;8881;8941;60;0,67106587630019
132;base, f2, f7, ;10712;10852;140;1,29008477699963
133;base, f2, f7, f8, ;10931;11109;178;1,60230443784319
134;base, f2, f7, f9, ;10761;10922;161;1,47408899468962
135;base, f2, f7, f8, f9, ;10980;11156;176;1,57762638938688
136;base, f2, f6, ;10060;10118,5;58,5;0,578148935118847
137;base, f2, f6, f9, ;10158;10243,5;85,5;0,834675647971878
138;base, f2, f6, f7, ;17457;17802;345;1,93798449612403
139;base, f2, f6, f7, f9, ;17555;17918,5;363,5;2,02862962859615
140;base, f2, f6, f8, ;10478;10555,5;77,5;0,734214390602062
141;base, f2, f6, f7, f8, ;17875;18238;363;1,99034981905911
142;base, f2, f6, f8, f9, ;10576;10680;104;0,973782771535582
143;base, f2, f6, f7, f8, f9, ;17973;18371;398;2,16645800446355
144;base, f2, f5, ;9213;9276;63;0,67917205692109
145;base, f2, f5, f9, ;9262;9338,5;76,5;0,819189377308987
146;base, f2, f5, f8, ;9432;9510;78;0,820189274447955
147;base, f2, f5, f8, f9, ;9481;9572,5;91,5;0,955863149647428
148;base, f2, f5, f6, ;10959;11054,5;95,5;0,863901578542681
149;base, f2, f5, f6, f8, ;11377;11492,5;115,5;1,0050032629976
150;base, f2, f5, f6, f9, ;11057;11179,5;122,5;1,09575562413346
151;base, f2, f5, f6, f8, f9, ;11475;11608;133;1,14576154376292
152;base, f2, f5, f7, ;12511;12732;221;1,73578385171223
153;base, f2, f5, f7, f9, ;12560;12802;242;1,89032963599438
154;base, f2, f5, f6, f7, ;20754;21242,5;488,5;2,29963516535248
155;base, f2, f5, f6, f7, f9, ;20852;21358;506;2,36913568686207
156;base, f2, f5, f7, f8, ;12730;12981,5;251,5;1,93737241458999
157;base, f2, f5, f6, f7, f8, ;21172;21670,5;498,5;2,30036224360306
158;base, f2, f5, f7, f8, f9, ;12779;13020,5;241,5;1,85476748204754
159;base, f2, f5, f6, f7, f8, f9, ;21270;21803;533;2,44461771315873
160;base, f2, f3, ;10723;10761,5;38,5;0,357756818287413
161;base, f2, f3, f9, ;10772;10832;60;0,553914327917283
162;base, f2, f3, f8, ;10942;11003;61;0,554394256111976
163;base, f2, f3, f8, f9, ;10991;11073,5;82,5;0,745021899128545
164;base, f2, f3, f7, ;12822;12977;155;1,19442089851276
165;base, f2, f3, f7, f8, ;13041;13219;178;1,34654663741584
166;base, f2, f3, f7, f9, ;12871;13039;168;1,28844236521206
167;base, f2, f3, f7, f8, f9, ;13090;13283,5;193,5;1,45669439530245
168;base, f2, f3, f5, ;11323;11401;78;0,684150513112883
169;base, f2, f3, f5, f9, ;11372;11463,5;91,5;0,79818554542679
170;base, f2, f3, f5, f7, ;14621;14857;236;1,58847681227704
171;base, f2, f3, f5, f7, f9, ;14670;14935;265;1,77435554067627
172;base, f2, f3, f5, f8, ;11542;11639,5;97,5;0,837664848146403
173;base, f2, f3, f5, f7, f8, ;14840;15098,5;258,5;1,71209060502699
174;base, f2, f3, f5, f8, f9, ;11591;11690;99;0,846877673224981
175;base, f2, f3, f5, f7, f8, f9, ;14889;15161;272;1,79407690785568
176;base, f2, f3, f6, ;13218;13306,5;88,5;0,665088490587308
177;base, f2, f3, f6, f9, ;13365;13487;122;0,904574775709946
178;base, f2, f3, f6, f8, ;13835;13946;111;0,795927147569202
179;base, f2, f3, f6, f8, f9, ;13982;14141;159;1,12439007142352
180;base, f2, f3, f5, f6, ;14416;14570;154;1,05696636925188
181;base, f2, f3, f5, f6, f8, ;15033;15194;161;1,05962880084243
182;base, f2, f3, f5, f6, f9, ;14563;14742;179;1,21421788088455
183;base, f2, f3, f5, f6, f8, f9, ;15180;15389;209;1,35811293781272
184;base, f2, f3, f6, f7, ;24313;24835;522;2,1018723575599
185;base, f2, f3, f6, f7, f9, ;24460;25022;562;2,2460234993206
186;base, f2, f3, f5, f6, f7, ;29108;29831,5;723,5;2,42528870489248
187;base, f2, f3, f5, f6, f7, f9, ;29255;30006,5;751,5;2,50445736757035
188;base, f2, f3, f6, f7, f8, ;24930;25477,5;547,5;2,14895496025905
189;base, f2, f3, f5, f6, f7, f8, ;29725;30467;742;2,43542193192634
190;base, f2, f3, f6, f7, f8, f9, ;25077;25654;577;2,24916192406643
191;base, f2, f3, f5, f6, f7, f8, f9, ;29872;30661,5;789,5;2,57489033478467
192;base, f2, f4, ;8812;8840;28;0,31674208144797
193;base, f2, f4, f9, ;8861;8894;33;0,371036653923994
194;base, f2, f4, f8, ;9031;9089;58;0,638134008141705
195;base, f2, f4, f8, f9, ;9080;9151,5;71,5;0,781292684259412
196;base, f2, f4, f7, ;11710;11866,5;156,5;1,31883874773523
197;base, f2, f4, f7, f8, ;11929;12115,5;186,5;1,53935041888489
198;base, f2, f4, f7, f9, ;11759;11928;169;1,41683433936954
199;base, f2, f4, f7, f8, f9, ;11978;12178;200;1,64230579733946
200;base, f2, f4, f6, ;10458;10524;66;0,627137970353473
201;base, f2, f4, f6, f9, ;10556;10649;93;0,873321438632729
202;base, f2, f4, f6, f7, ;19453;19829,5;376,5;1,89868630071358
203;base, f2, f4, f6, f7, f9, ;19551;19954,5;403,5;2,02210027813275
204;base, f2, f4, f6, f8, ;10876;10961;85;0,775476690083025
205;base, f2, f4, f6, f7, f8, ;19871;20274;403;1,98776758409785
206;base, f2, f4, f6, f8, f9, ;10974;11086;112;1,01028324012267
207;base, f2, f4, f6, f7, f8, f9, ;19969;20391;422;2,06954048354666
208;base, f2, f3, f4, ;10922;10964,5;42,5;0,387614574307989
209;base, f2, f3, f4, f9, ;10971;11019;48;0,435611216988832
210;base, f2, f3, f4, f8, ;11141;11214;73;0,650971999286611
211;base, f2, f3, f4, f8, f9, ;11190;11276,5;86,5;0,767081984658361
212;base, f2, f3, f4, f6, ;13815;13915;100;0,718648939992818
213;base, f2, f3, f4, f6, f8, ;14432;14547;115;0,790541005018213
214;base, f2, f3, f4, f6, f9, ;13962;14094;132;0,936568752660705
215;base, f2, f3, f4, f6, f8, f9, ;14579;14742;163;1,10568443901778
216;base, f2, f3, f4, f7, ;13820;13983;163;1,16570120861046
217;base, f2, f3, f4, f7, f9, ;13869;14045;176;1,25311498754004
218;base, f2, f3, f4, f6, f7, ;27308;27869,5;561,5;2,01474730440087
219;base, f2, f3, f4, f6, f7, f9, ;27455;28072;617;2,19791963522371
220;base, f2, f3, f4, f7, f8, ;14039;14225,5;186,5;1,31102597448245
221;base, f2, f3, f4, f6, f7, f8, ;27925;28508,5;583,5;2,04675798446077
222;base, f2, f3, f4, f7, f8, f9, ;14088;14311;223;1,55824191181608
223;base, f2, f3, f4, f6, f7, f8, f9, ;28072;28704;632;2,20178372352285
224;base, f2, f4, f5, ;9412;9479;67;0,706825614516305
225;base, f2, f4, f5, f9, ;9461;9541,5;80,5;0,843682859089242
226;base, f2, f4, f5, f8, ;9631;9721;90;0,925830675856389
227;base, f2, f4, f5, f8, f9, ;9680;9775,5;95,5;0,976932126233947
228;base, f2, f4, f5, f7, ;13509;13746;237;1,72413793103448
229;base, f2, f4, f5, f7, f8, ;13728;13980;252;1,80257510729614
230;base, f2, f4, f5, f7, f9, ;13558;13817,5;259,5;1,87805319341415
231;base, f2, f4, f5, f7, f8, f9, ;13777;14050;273;1,94306049822065
232;base, f2, f3, f4, f5, ;11522;11596;74;0,638151086581587
233;base, f2, f3, f4, f5, f9, ;11571;11659;88;0,754781713697568
234;base, f2, f3, f4, f5, f7, ;15619;15878,5;259,5;1,63428535441005
235;base, f2, f3, f4, f5, f7, f9, ;15668;15942,5;274,5;1,72181276462287
236;base, f2, f3, f4, f5, f8, ;11741;11838;97;0,819395168102716
237;base, f2, f3, f4, f5, f7, f8, ;15838;16105;267;1,65787022663768
238;base, f2, f3, f4, f5, f8, f9, ;11790;11893;103;0,866055662995038
239;base, f2, f3, f4, f5, f7, f8, f9, ;15887;16175;288;1,7805255023184
240;base, f2, f4, f5, f6, ;11357;11468;111;0,967910708057204
241;base, f2, f4, f5, f6, f9, ;11455;11585;130;1,12214069917998
242;base, f2, f4, f5, f6, f8, ;11775;11897;122;1,0254686055308
243;base, f2, f4, f5, f6, f8, f9, ;11873;12022;149;1,23939444352021
244;base, f2, f3, f4, f5, f6, ;15013;15163;150;0,989250148387526
245;base, f2, f3, f4, f5, f6, f8, ;15630;15802,5;172,5;1,09159943046986
246;base, f2, f3, f4, f5, f6, f9, ;15160;15350;190;1,23778501628665
247;base, f2, f3, f4, f5, f6, f8, f9, ;15777;15990;213;1,33208255159475
248;base, f2, f4, f5, f6, f7, ;22750;23262;512;2,20101453013498
249;base, f2, f4, f5, f6, f7, f9, ;22848;23386;538;2,30052167963738
250;base, f2, f3, f4, f5, f6, f7, ;32103;32869;766;2,33046335452859
251;base, f2, f3, f4, f5, f6, f7, f9, ;32250;33057;807;2,44123786187494
252;base, f2, f4, f5, f6, f7, f8, ;23168;23690,5;522,5;2,20552542158249
253;base, f2, f3, f4, f5, f6, f7, f8, ;32720;33508,5;788,5;2,35313427936195
254;base, f2, f4, f5, f6, f7, f8, f9, ;23266;23823,5;557,5;2,34012634583499
255;base, f2, f3, f4, f5, f6, f7, f8, f9, ;32867;33711,5;844,5;2,50507986888748
256;base, f1, ;3502;3553;51;1,43540669856459
257;base, f1, f9, ;3551;3608;57;1,57982261640798
258;base, f1, f8, ;3721;3779,5;58,5;1,5478237862151
259;base, f1, f8, f9, ;3770;3842;72;1,87402394586152
260;base, f1, f7, ;5601;5753;152;2,64209977403094
261;base, f1, f7, f8, ;5820;5994,5;174,5;2,91100175160564
262;base, f1, f7, f9, ;5650;5815;165;2,83748925193466
263;base, f1, f7, f8, f9, ;5869;6057;188;3,10384678883936
264;base, f1, f6, ;3901;3951;50;1,26550240445457
265;base, f1, f6, f9, ;3950;4006;56;1,39790314528207
266;base, f1, f6, f7, ;7599;7788,5;189,5;2,43307440457085
267;base, f1, f6, f7, f9, ;7648;7851;203;2,58565787797733
268;base, f1, f6, f8, ;4120;4177;57;1,36461575293272
269;base, f1, f6, f7, f8, ;7818;8015;197;2,45789145352464
270;base, f1, f6, f8, f9, ;4169;4247,5;78,5;1,8481459682166
271;base, f1, f6, f7, f8, f9, ;7867;8085;218;2,69635126777985
272;base, f1, f5, ;4102;4169,5;67,5;1,61889914857896
273;base, f1, f5, f9, ;4151;4232;81;1,913988657845
274;base, f1, f5, f8, ;4321;4403,5;82,5;1,87350970818667
275;base, f1, f5, f8, f9, ;4370;4458;88;1,97397936294303
276;base, f1, f5, f6, ;4501;4567;66;1,4451499890519
277;base, f1, f5, f6, f8, ;4720;4801;81;1,68714851072693
278;base, f1, f5, f6, f9, ;4550;4645,5;95,5;2,05575287913034
279;base, f1, f5, f6, f8, f9, ;4769;4871,5;102,5;2,10407472031201
280;base, f1, f5, f7, ;7400;7632,5;232,5;3,04618408123157
281;base, f1, f5, f7, f9, ;7449;7695;246;3,19688109161794
282;base, f1, f5, f6, f7, ;9398;9660,5;262,5;2,71725065990373
283;base, f1, f5, f6, f7, f9, ;9447;9723;276;2,83863005245294
284;base, f1, f5, f7, f8, ;7619;7859;240;3,05382364168469
285;base, f1, f5, f6, f7, f8, ;9617;9902;285;2,87820642294486
286;base, f1, f5, f7, f8, f9, ;7668;7929;261;3,2917139614075
287;base, f1, f5, f6, f7, f8, f9, ;9666;9949;283;2,84450698562669
288;base, f1, f4, ;3701;3740;39;1,04278074866311
289;base, f1, f4, f9, ;3750;3803;53;1,39363660268209
290;base, f1, f4, f8, ;3920;3982;62;1,55700652938222
291;base, f1, f4, f8, f9, ;3969;4044,5;75,5;1,86673259982693
292;base, f1, f4, f7, ;6599;6774,5;175,5;2,59059709203632
293;base, f1, f4, f7, f8, ;6818;7008,5;190,5;2,71812798744382
294;base, f1, f4, f7, f9, ;6648;6837;189;2,76437033786749
295;base, f1, f4, f7, f8, f9, ;6867;7063;196;2,77502477700693
296;base, f1, f4, f5, ;4301;4372;71;1,62397072278134
297;base, f1, f4, f5, f9, ;4350;4434,5;84,5;1,90551358665013
298;base, f1, f4, f5, f7, ;8398;8646,5;248,5;2,87399525819696
299;base, f1, f4, f5, f7, f9, ;8447;8709;262;3,00838213342519
300;base, f1, f4, f5, f8, ;4520;4606;86;1,86712983065567
301;base, f1, f4, f5, f7, f8, ;8617;8880,5;263,5;2,96717527166263
302;base, f1, f4, f5, f8, f9, ;4569;4661;92;1,97382535936494
303;base, f1, f4, f5, f7, f8, f9, ;8666;8943;277;3,09739461030973
304;base, f1, f4, f6, ;4100;4154;54;1,29995185363505
305;base, f1, f4, f6, f9, ;4149;4224;75;1,77556818181819
306;base, f1, f4, f6, f8, ;4319;4388;69;1,57247037374658
307;base, f1, f4, f6, f8, f9, ;4368;4450;82;1,84269662921348
308;base, f1, f4, f5, f6, ;4700;4778;78;1,63248221012977
309;base, f1, f4, f5, f6, f8, ;4919;5012;93;1,85554668794892
310;base, f1, f4, f5, f6, f9, ;4749;4840;91;1,8801652892562
311;base, f1, f4, f5, f6, f8, f9, ;4968;5074,5;106,5;2,0987289388117
312;base, f1, f4, f6, f7, ;8597;8795;198;2,25127913587265
313;base, f1, f4, f6, f7, f9, ;8646;8865;219;2,47038917089678
314;base, f1, f4, f5, f6, f7, ;10396;10667;271;2,54054560794975
315;base, f1, f4, f5, f6, f7, f9, ;10445;10737;292;2,71956784949241
316;base, f1, f4, f6, f7, f8, ;8816;9036,5;220,5;2,44010402257511
317;base, f1, f4, f5, f6, f7, f8, ;10615;10901;286;2,62361251261352
318;base, f1, f4, f6, f7, f8, f9, ;8865;9099;234;2,57171117705242
319;base, f1, f4, f5, f6, f7, f8, f9, ;10664;10979;315;2,86911376263777
320;base, f1, f2, ;10167;10205,5;38,5;0,377247562588806
321;base, f1, f2, f9, ;10216;10268;52;0,506427736657571
322;base, f1, f2, f8, ;10386;10447;61;0,583899684119842
323;base, f1, f2, f8, f9, ;10435;10511,5;76,5;0,727774342386908
324;base, f1, f2, f7, ;12266;12421,5;155,5;1,25186169142214
325;base, f1, f2, f7, f8, ;12485;12678;193;1,52232213282852
326;base, f1, f2, f7, f9, ;12315;12483;168;1,34583032924778
327;base, f1, f2, f7, f8, f9, ;12534;12736,5;202,5;1,58991873748676
328;base, f1, f2, f6, ;11614;11687,5;73,5;0,62887700534759
329;base, f1, f2, f6, f9, ;11712;11812,5;100,5;0,850793650793648
330;base, f1, f2, f6, f7, ;19011;19378,5;367,5;1,89643161235389
331;base, f1, f2, f6, f7, f9, ;19109;19495,5;386,5;1,98250878407838
332;base, f1, f2, f6, f8, ;12032;12117;85;0,701493769084763
333;base, f1, f2, f6, f7, f8, ;19429;19807,5;378,5;1,91089233876058
334;base, f1, f2, f6, f8, f9, ;12130;12249;119;0,971507878194132
335;base, f1, f2, f6, f7, f8, f9, ;19527;19932;405;2,03190848886213
336;base, f1, f2, f4, ;10366;10408,5;42,5;0,40832012297642
337;base, f1, f2, f4, f9, ;10415;10471;56;0,534810428803368
338;base, f1, f2, f4, f8, ;10585;10666;81;0,759422463903988
339;base, f1, f2, f4, f8, f9, ;10634;10720,5;86,5;0,806865351429508
340;base, f1, f2, f4, f6, ;12012;12093,5;81,5;0,673915739860249
341;base, f1, f2, f4, f6, f8, ;12430;12537,5;107,5;0,857427716849458
342;base, f1, f2, f4, f6, f9, ;12110;12221,5;111,5;0,912326637483119
343;base, f1, f2, f4, f6, f8, f9, ;12528;12663;135;1,06609808102345
344;base, f1, f2, f4, f7, ;13264;13435;171;1,27279493859322
345;base, f1, f2, f4, f7, f9, ;13313;13497;184;1,36326591094317
346;base, f1, f2, f4, f6, f7, ;21007;21406,5;399,5;1,8662555765772
347;base, f1, f2, f4, f6, f7, f9, ;21105;21524;419;1,94666418881249
348;base, f1, f2, f4, f7, f8, ;13483;13684,5;201,5;1,47246885162045
349;base, f1, f2, f4, f6, f7, f8, ;21425;21843;418;1,91365654900883
350;base, f1, f2, f4, f7, f8, f9, ;13532;13739;207;1,50665987335323
351;base, f1, f2, f4, f6, f7, f8, f9, ;21523;21960;437;1,98998178506375
352;base, f1, f2, f5, ;10767;10845;78;0,719225449515903
353;base, f1, f2, f5, f9, ;10816;10907,5;91,5;0,838872335548928
354;base, f1, f2, f5, f8, ;10986;11071;85;0,767771655676995
355;base, f1, f2, f5, f8, f9, ;11035;11149;114;1,02251322988609
356;base, f1, f2, f5, f7, ;14065;14301;236;1,65023424935319
357;base, f1, f2, f5, f7, f8, ;14284;14535;251;1,72686618507052
358;base, f1, f2, f5, f7, f9, ;14114;14363;249;1,733621109796
359;base, f1, f2, f5, f7, f8, f9, ;14333;14605;272;1,86237589866484
360;base, f1, f2, f4, f5, ;10966;11048;82;0,742215785662566
361;base, f1, f2, f4, f5, f9, ;11015;11110,5;95,5;0,859547275100127
362;base, f1, f2, f4, f5, f7, ;15063;15315;252;1,64544564152791
363;base, f1, f2, f4, f5, f7, f9, ;15112;15377,5;265,5;1,72654852869452
364;base, f1, f2, f4, f5, f8, ;11185;11290;105;0,930026572187771
365;base, f1, f2, f4, f5, f7, f8, ;15282;15556,5;274,5;1,76453572461672
366;base, f1, f2, f4, f5, f8, f9, ;11234;11344,5;110,5;0,974040283837979
367;base, f1, f2, f4, f5, f7, f8, f9, ;15331;15619;288;1,84390806069531
368;base, f1, f2, f5, f6, ;12513;12616;103;0,816423589093219
369;base, f1, f2, f5, f6, f9, ;12611;12741;130;1,02032807471942
370;base, f1, f2, f5, f6, f8, ;12931;13060,5;129,5;0,991539374449673
371;base, f1, f2, f5, f6, f8, f9, ;13029;13177;148;1,12316915838203
372;base, f1, f2, f4, f5, f6, ;12911;13029;118;0,905671962545085
373;base, f1, f2, f4, f5, f6, f8, ;13329;13474;145;1,07614665281282
374;base, f1, f2, f4, f5, f6, f9, ;13009;13155,5;146,5;1,11360267568698
375;base, f1, f2, f4, f5, f6, f8, f9, ;13427;13591;164;1,20668089176661
376;base, f1, f2, f5, f6, f7, ;22308;22810,5;502,5;2,20293285986716
377;base, f1, f2, f5, f6, f7, f9, ;22406;22935;529;2,30651842162634
378;base, f1, f2, f4, f5, f6, f7, ;24304;24838,5;534,5;2,15190128228355
379;base, f1, f2, f4, f5, f6, f7, f9, ;24402;24948;546;2,18855218855219
380;base, f1, f2, f5, f6, f7, f8, ;22726;23247;521;2,24114939562094
381;base, f1, f2, f4, f5, f6, f7, f8, ;24722;25267;545;2,15696362844817
382;base, f1, f2, f5, f6, f7, f8, f9, ;22824;23364,5;540,5;2,31333861199683
383;base, f1, f2, f4, f5, f6, f7, f8, f9, ;24820;25400;580;2,28346456692914
384;base, f1, f3, ;6166;6212;46;0,740502253702516
385;base, f1, f3, f9, ;6215;6274,5;59,5;0,948282731691762
386;base, f1, f3, f8, ;6385;6454;69;1,0691044313604
387;base, f1, f3, f8, f9, ;6434;6539,5;105,5;1,61327318602339
388;base, f1, f3, f7, ;8265;8427;162;1,92239231043075
389;base, f1, f3, f7, f8, ;8484;8669;185;2,13404083515977
390;base, f1, f3, f7, f9, ;8314;8482;168;1,98066493751473
391;base, f1, f3, f7, f8, f9, ;8533;8739;206;2,35724911317084
392;base, f1, f3, f6, ;7613;7694;81;1,05276839095399
393;base, f1, f3, f6, f9, ;7711;7811;100;1,28024580719499
394;base, f1, f3, f6, f7, ;15009;15385;376;2,44393890152746
395;base, f1, f3, f6, f7, f9, ;15107;15501,5;394,5;2,544915008225
396;base, f1, f3, f6, f8, ;8031;8123;92;1,13258648282654
397;base, f1, f3, f6, f7, f8, ;15427;15821,5;394,5;2,49344246752837
398;base, f1, f3, f6, f8, f9, ;8129;8248;119;1,44277400581959
399;base, f1, f3, f6, f7, f8, f9, ;15525;15946,5;421,5;2,64321324428558
400;base, f1, f3, f5, ;6766;6844;78;1,13968439509058
401;base, f1, f3, f5, f9, ;6815;6914;99;1,43187735030374
402;base, f1, f3, f5, f8, ;6985;7085,5;100,5;1,41838966904241
403;base, f1, f3, f5, f8, f9, ;7034;7140;106;1,48459383753502
404;base, f1, f3, f5, f6, ;8512;8630;118;1,36732329084589
405;base, f1, f3, f5, f6, f8, ;8930;9059;129;1,42399823380065
406;base, f1, f3, f5, f6, f9, ;8610;8755;145;1,6561964591662
407;base, f1, f3, f5, f6, f8, f9, ;9028;9200,5;172,5;1,87489810336395
408;base, f1, f3, f5, f7, ;10064;10315;251;2,43334949103247
409;base, f1, f3, f5, f7, f9, ;10113;10369;256;2,4688976757643
410;base, f1, f3, f5, f6, f7, ;18306;18801;495;2,63283867879368
411;base, f1, f3, f5, f6, f7, f9, ;18404;18941,5;537,5;2,83768444948922
412;base, f1, f3, f5, f7, f8, ;10283;10549;266;2,52156602521566
413;base, f1, f3, f5, f6, f7, f8, ;18724;19245,5;521,5;2,70972435114702
414;base, f1, f3, f5, f7, f8, f9, ;10332;10611;279;2,62934690415607
415;base, f1, f3, f5, f6, f7, f8, f9, ;18822;19378,5;556,5;2,87173929870733
416;base, f1, f2, f3, ;12831;12886;55;0,426819804438921
417;base, f1, f2, f3, f9, ;12880;12940;60;0,463678516228754
418;base, f1, f2, f3, f8, ;13050;13136,5;86,5;0,65847067331481
419;base, f1, f2, f3, f8, f9, ;13099;13199;100;0,75763315402682
420;base, f1, f2, f3, f7, ;14930;15093;163;1,07997084741271
421;base, f1, f2, f3, f7, f8, ;15149;15350,5;201,5;1,31266082538028
422;base, f1, f2, f3, f7, f9, ;14979;15156;177;1,16785431512272
423;base, f1, f2, f3, f7, f8, f9, ;15198;15413;215;1,3949263608642
424;base, f1, f2, f3, f5, ;13431;13518;87;0,64358632933866
425;base, f1, f2, f3, f5, f9, ;13480;13596;116;0,853192115328042
426;base, f1, f2, f3, f5, f7, ;16729;16988,5;259,5;1,52750389969685
427;base, f1, f2, f3, f5, f7, f9, ;16778;17051;273;1,60107911559439
428;base, f1, f2, f3, f5, f8, ;13650;13752;102;0,741710296684118
429;base, f1, f2, f3, f5, f7, f8, ;16948;17215;267;1,55097298867267
430;base, f1, f2, f3, f5, f8, f9, ;13699;13822;123;0,889885689480536
431;base, f1, f2, f3, f5, f7, f8, f9, ;16997;17285;288;1,66618455308071
432;base, f1, f2, f3, f6, ;15326;15423;97;0,628930817610069
433;base, f1, f2, f3, f6, f9, ;15473;15618;145;0,928415930336797
434;base, f1, f2, f3, f6, f8, ;15943;16063;120;0,747058457324286
435;base, f1, f2, f3, f6, f8, f9, ;16090;16257,5;167,5;1,0302937105951
436;base, f1, f2, f3, f5, f6, ;16524;16679;155;0,929312308891426
437;base, f1, f2, f3, f5, f6, f8, ;17141;17318,5;177,5;1,02491555273262
438;base, f1, f2, f3, f5, f6, f9, ;16671;16866;195;1,1561721807186
439;base, f1, f2, f3, f5, f6, f8, f9, ;17288;17513,5;225,5;1,28757815399548
440;base, f1, f2, f3, f6, f7, ;26421;26960,5;539,5;2,00107564770683
441;base, f1, f2, f3, f6, f7, f9, ;26568;27154,5;586,5;2,15986300613159
442;base, f1, f2, f3, f5, f6, f7, ;31216;31951,5;735,5;2,30192635713503
443;base, f1, f2, f3, f5, f6, f7, f9, ;31363;32131,5;768,5;2,39173396822433
444;base, f1, f2, f3, f6, f7, f8, ;27038;27606,5;568,5;2,05929762918153
445;base, f1, f2, f3, f5, f6, f7, f8, ;31833;32591;758;2,32579546500568
446;base, f1, f2, f3, f6, f7, f8, f9, ;27185;27786;601;2,16295976390988
447;base, f1, f2, f3, f5, f6, f7, f8, f9, ;31980;32770,5;790,5;2,41223051219848
448;base, f1, f3, f4, ;6365;6415;50;0,779423226812156
449;base, f1, f3, f4, f9, ;6414;6477;63;0,972672533580365
450;base, f1, f3, f4, f8, ;6584;6664,5;80,5;1,20789256508365
451;base, f1, f3, f4, f8, f9, ;6633;6727;94;1,39735394678162
452;base, f1, f3, f4, f7, ;9263;9441;178;1,88539349645164
453;base, f1, f3, f4, f7, f8, ;9482;9683;201;2,07580295363007
454;base, f1, f3, f4, f7, f9, ;9312;9503,5;191,5;2,01504708791498
455;base, f1, f3, f4, f7, f8, f9, ;9531;9753;222;2,27622270070748
456;base, f1, f3, f4, f6, ;8011;8099,5;88,5;1,09266004074325
457;base, f1, f3, f4, f6, f9, ;8109;8217;108;1,3143483023001
458;base, f1, f3, f4, f6, f7, ;17006;17397;391;2,24751393918491
459;base, f1, f3, f4, f6, f7, f9, ;17104;17522;418;2,38557242323935
460;base, f1, f3, f4, f6, f8, ;8429;8536,5;107,5;1,25929830726879
461;base, f1, f3, f4, f6, f7, f8, ;17424;17834;410;2,29897947740271
462;base, f1, f3, f4, f6, f8, f9, ;8527;8653;126;1,45614237836588
463;base, f1, f3, f4, f6, f7, f8, f9, ;17522;17959;437;2,43332034077621
464;base, f1, f2, f3, f4, ;13030;13081;51;0,389878449659818
465;base, f1, f2, f3, f4, f9, ;13079;13229;150;1,13387255272508
466;base, f1, f2, f3, f4, f8, ;13249;13338;89;0,667266456740137
467;base, f1, f2, f3, f4, f8, f9, ;13298;13400,5;102,5;0,764896832207754
468;base, f1, f2, f3, f4, f6, ;15923;16055;132;0,822173777639364
469;base, f1, f2, f3, f4, f6, f8, ;16540;16687;147;0,880925271169176
470;base, f1, f2, f3, f4, f6, f9, ;16070;16226,5;156,5;0,96447169753182
471;base, f1, f2, f3, f4, f6, f8, f9, ;16687;16866;179;1,06130677101862
472;base, f1, f2, f3, f4, f7, ;15928;16115;187;1,16040955631399
473;base, f1, f2, f3, f4, f7, f9, ;15977;16177,5;200,5;1,23937567609335
474;base, f1, f2, f3, f4, f6, f7, ;29416;30001;585;1,9499350021666
475;base, f1, f2, f3, f4, f6, f7, f9, ;29563;30189;626;2,07360296796847
476;base, f1, f2, f3, f4, f7, f8, ;16147;16364,5;217,5;1,32909651990589
477;base, f1, f2, f3, f4, f6, f7, f8, ;30033;30685;652;2,12481668567705
478;base, f1, f2, f3, f4, f7, f8, f9, ;16196;16427;231;1,40622146466184
479;base, f1, f2, f3, f4, f6, f7, f8, f9, ;30180;30835,5;655,5;2,12579656564674
480;base, f1, f3, f4, f5, ;6965;7054,5;89,5;1,26869374158339
481;base, f1, f3, f4, f5, f9, ;7014;7117;103;1,44723900519882
482;base, f1, f3, f4, f5, f8, ;7184;7281;97;1,33223458316165
483;base, f1, f3, f4, f5, f8, f9, ;7233;7343;110;1,49802533024649
484;base, f1, f3, f4, f5, f7, ;11062;11330;268;2,36540158870255
485;base, f1, f3, f4, f5, f7, f8, ;11281;11563;282;2,43881345671538
486;base, f1, f3, f4, f5, f7, f9, ;11111;11383;272;2,38952824387245
487;base, f1, f3, f4, f5, f7, f8, f9, ;11330;11620,5;290,5;2,49989243147886
488;base, f1, f2, f3, f4, f5, ;13630;13720;90;0,655976676384839
489;base, f1, f2, f3, f4, f5, f9, ;13679;13786;107;0,776149717104303
490;base, f1, f2, f3, f4, f5, f7, ;17727;17998;271;1,50572285809534
491;base, f1, f2, f3, f4, f5, f7, f9, ;17776;18065;289;1,59977857735953
492;base, f1, f2, f3, f4, f5, f8, ;13849;13962;113;0,809339636155272
493;base, f1, f2, f3, f4, f5, f7, f8, ;17946;18236,5;290,5;1,59295917528034
494;base, f1, f2, f3, f4, f5, f8, f9, ;13898;14025;127;0,905525846702318
495;base, f1, f2, f3, f4, f5, f7, f8, f9, ;17995;18300;305;1,66666666666667
496;base, f1, f3, f4, f5, f6, ;8910;9035,5;125,5;1,38896574622323
497;base, f1, f3, f4, f5, f6, f9, ;9008;9160,5;152,5;1,66475629059549
498;base, f1, f3, f4, f5, f6, f8, ;9328;9473;145;1,53066610366304
499;base, f1, f3, f4, f5, f6, f8, f9, ;9426;9597,5;171,5;1,78692367804116
500;base, f1, f2, f3, f4, f5, f6, ;17121;17287;166;0,960259154277779
501;base, f1, f2, f3, f4, f5, f6, f8, ;17738;17928,5;190,5;1,06255403407982
502;base, f1, f2, f3, f4, f5, f6, f9, ;17268;17471,5;203,5;1,16475402798844
503;base, f1, f2, f3, f4, f5, f6, f8, f9, ;17885;18106;221;1,22058985971501
504;base, f1, f3, f4, f5, f6, f7, ;20303;20837;534;2,56274895618371
505;base, f1, f3, f4, f5, f6, f7, f9, ;20401;20970;569;2,71340009537434
506;base, f1, f2, f3, f4, f5, f6, f7, ;34211;35001;790;2,25707836918946
507;base, f1, f2, f3, f4, f5, f6, f7, f9, ;34358;35188,5;830,5;2,36014607044915
508;base, f1, f3, f4, f5, f6, f7, f8, ;20721;21274;553;2,59941712888973
509;base, f1, f2, f3, f4, f5, f6, f7, f8, ;34828;35640,5;812,5;2,27970988061335
510;base, f1, f3, f4, f5, f6, f7, f8, f9, ;20819;21399;580;2,71040702836581
511;base, f1, f2, f3, f4, f5, f6, f7, f8, f9, ;34975;35820;845;2,35901730876606
512;base, f10, ;2581;2625;44;1,67619047619047
513;base, f9, f10, ;2630;2687,5;57,5;2,13953488372093
514;base, f8, f10, ;2800;2851;51;1,78884601894072
515;base, f8, f9, f10, ;2849;2921,5;72,5;2,48160191682355
516;base, f7, f10, ;4680;4840;160;3,30578512396694
517;base, f7, f8, f10, ;4899;5066;167;3,29648637978681
518;base, f7, f9, f10, ;4729;4902,5;173,5;3,53901070882203
519;base, f7, f8, f9, f10, ;4948;5136,5;188,5;3,6698140757325
520;base, f6, f10, ;2980;3023;43;1,42242805160437
521;base, f6, f9, f10, ;3029;3085;56;1,81523500810373
522;base, f6, f7, f10, ;6678;6868;190;2,76645311589982
523;base, f6, f7, f9, f10, ;6727;6930,5;203,5;2,93629608253373
524;base, f6, f8, f10, ;3199;3264,5;65,5;2,0064328381069
525;base, f6, f7, f8, f10, ;6897;7102;205;2,88651084201634
526;base, f6, f8, f9, f10, ;3248;3327;79;2,37451157198677
527;base, f6, f7, f8, f9, f10, ;6946;7164,5;218,5;3,04975922953452
528;base, f5, f10, ;3181;3249;68;2,09295167743922
529;base, f5, f9, f10, ;3230;3304;74;2,23970944309927
530;base, f5, f8, f10, ;3400;3475;75;2,15827338129496
531;base, f5, f8, f9, f10, ;3449;3545,5;96,5;2,72175997743619
532;base, f5, f6, f10, ;3580;3654,5;74,5;2,03858256943494
533;base, f5, f6, f8, f10, ;3799;3896;97;2,48973305954826
534;base, f5, f6, f9, f10, ;3629;3717;88;2,36750067258542
535;base, f5, f6, f8, f9, f10, ;3848;3951;103;2,60693495317641
536;base, f5, f7, f10, ;6479;6712;233;3,47139451728248
537;base, f5, f7, f9, f10, ;6528;6774,5;246,5;3,63864491844417
538;base, f5, f6, f7, f10, ;8477;8732;255;2,92029317453046
539;base, f5, f6, f7, f9, f10, ;8526;8802,5;276,5;3,14115308151094
540;base, f5, f7, f8, f10, ;6698;6946;248;3,5704002303484
541;base, f5, f6, f7, f8, f10, ;8696;8974;278;3,09783819924226
542;base, f5, f7, f8, f9, f10, ;6747;7001;254;3,62805313526638
543;base, f5, f6, f7, f8, f9, f10, ;8745;9036,5;291,5;3,2258064516129
544;base, f4, f10, ;2780;2828;48;1,6973125884017
545;base, f4, f9, f10, ;2829;2890;61;2,11072664359861
546;base, f4, f8, f10, ;2999;3062;63;2,05747877204442
547;base, f4, f8, f9, f10, ;3048;3116;68;2,18228498074454
548;base, f4, f7, f10, ;5678;5846;168;2,87375983578515
549;base, f4, f7, f8, f10, ;5897;6088;191;3,13731931668856
550;base, f4, f7, f9, f10, ;5727;5916,5;189,5;3,20290712414435
551;base, f4, f7, f8, f9, f10, ;5946;6150,5;204,5;3,32493293228193
552;base, f4, f5, f10, ;3380;3452;72;2,08574739281576
553;base, f4, f5, f9, f10, ;3429;3514;85;2,41889584519066
554;base, f4, f5, f7, f10, ;7477;7726;249;3,22288376909138
555;base, f4, f5, f7, f9, f10, ;7526;7788,5;262,5;3,37035372664826
556;base, f4, f5, f8, f10, ;3599;3678;79;2,1479064709081
557;base, f4, f5, f7, f8, f10, ;7696;7960;264;3,31658291457286
558;base, f4, f5, f8, f9, f10, ;3648;3748;100;2,66808964781217
559;base, f4, f5, f7, f8, f9, f10, ;7745;8022,5;277,5;3,45902150202555
560;base, f4, f6, f10, ;3179;3233,5;54,5;1,68548012989021
561;base, f4, f6, f9, f10, ;3228;3296;68;2,0631067961165
562;base, f4, f6, f8, f10, ;3398;3467,5;69,5;2,00432588320115
563;base, f4, f6, f8, f9, f10, ;3447;3522;75;2,12947189097103
564;base, f4, f5, f6, f10, ;3779;3850;71;1,84415584415585
565;base, f4, f5, f6, f8, f10, ;3998;4091,5;93,5;2,28522546743248
566;base, f4, f5, f6, f9, f10, ;3828;3920;92;2,34693877551021
567;base, f4, f5, f6, f8, f9, f10, ;4047;4154,5;107,5;2,5875556625346
568;base, f4, f6, f7, f10, ;7676;7882;206;2,61354986044151
569;base, f4, f6, f7, f9, f10, ;7725;7944,5;219,5;2,76291774183397
570;base, f4, f5, f6, f7, f10, ;9475;9754;279;2,86036497847037
571;base, f4, f5, f6, f7, f9, f10, ;9524;9824;300;3,05374592833876
572;base, f4, f6, f7, f8, f10, ;7895;8108;213;2,6270350271337
573;base, f4, f5, f6, f7, f8, f10, ;9694;9996;302;3,02120848339335
574;base, f4, f6, f7, f8, f9, f10, ;7944;8178,5;234,5;2,86727394999083
575;base, f4, f5, f6, f7, f8, f9, f10, ;9743;10058;315;3,13183535494134
576;base, f3, f10, ;5271;5345;74;1,3844714686623
577;base, f3, f9, f10, ;5369;5470;101;1,84643510054845
578;base, f3, f8, f10, ;5689;5797,5;108,5;1,871496334627
579;base, f3, f8, f9, f10, ;5787;5922;135;2,27963525835867
580;base, f3, f7, f10, ;9469;9775,5;306,5;3,13538949414352
581;base, f3, f7, f8, f10, ;9887;10229;342;3,34343533092189
582;base, f3, f7, f9, f10, ;9567;9900;333;3,36363636363636
583;base, f3, f7, f8, f9, f10, ;9985;10353;368;3,55452525837921
584;base, f3, f6, f10, ;7196;7326;130;1,77450177450177
585;base, f3, f6, f9, f10, ;7343;7513,5;170,5;2,26924868569907
586;base, f3, f6, f7, f10, ;18290;18847;557;2,95537751366265
587;base, f3, f6, f7, f9, f10, ;18437;19034;597;3,13649259220342
588;base, f3, f6, f8, f10, ;7813;7966;153;1,92066281697213
589;base, f3, f6, f7, f8, f10, ;18907;19494;587;3,01118292808043
590;base, f3, f6, f8, f9, f10, ;7960;8145;185;2,27133210558625
591;base, f3, f6, f7, f8, f9, f10, ;19054;19673,5;619,5;3,14890588863192
592;base, f3, f4, f10, ;5669;5758;89;1,54567558179923
593;base, f3, f4, f9, f10, ;5767;5883,5;116,5;1,98011387779383
594;base, f3, f4, f8, f10, ;6087;6203;116;1,87006287280349
595;base, f3, f4, f8, f9, f10, ;6185;6329;144;2,27524095433718
596;base, f3, f4, f6, f10, ;7793;7934,5;141,5;1,78335118785053
597;base, f3, f4, f6, f8, f10, ;8410;8574;164;1,91275950548169
598;base, f3, f4, f6, f9, f10, ;7940;8114;174;2,14444170569386
599;base, f3, f4, f6, f8, f9, f10, ;8557;8765;208;2,37307472903593
600;base, f3, f4, f7, f10, ;11465;11819;354;2,99517725695914
601;base, f3, f4, f7, f9, f10, ;11563;11936;373;3,125
602;base, f3, f4, f6, f7, f10, ;21285;21889;604;2,75937685595504
603;base, f3, f4, f6, f7, f9, f10, ;21432;22084;652;2,95236370222786
604;base, f3, f4, f7, f8, f10, ;11883;12256;373;3,04340731070496
605;base, f3, f4, f6, f7, f8, f10, ;21902;22536;634;2,81327653532126
606;base, f3, f4, f7, f8, f9, f10, ;11981;12380,5;399,5;3,22684867331691
607;base, f3, f4, f6, f7, f8, f9, f10, ;22049;22724,5;675,5;2,97256265264362
608;base, f3, f5, f10, ;6170;6296,5;126,5;2,00905264829667
609;base, f3, f5, f9, f10, ;6268;6429,5;161,5;2,51185939808694
610;base, f3, f5, f8, f10, ;6588;6733,5;145,5;2,16083760302963
611;base, f3, f5, f8, f9, f10, ;6686;6850;164;2,39416058394161
612;base, f3, f5, f7, f10, ;12766;13231,5;465,5;3,51811963874088
613;base, f3, f5, f7, f8, f10, ;13184;13660,5;476,5;3,48815929138758
614;base, f3, f5, f7, f9, f10, ;12864;13348;484;3,62601138747378
615;base, f3, f5, f7, f8, f9, f10, ;13282;13792;510;3,6977958236659
616;base, f3, f4, f5, f10, ;6568;6694;126;1,8822826411712
617;base, f3, f4, f5, f9, f10, ;6666;6827;161;2,35828328694888
618;base, f3, f4, f5, f7, f10, ;14762;15243;481;3,15554680837106
619;base, f3, f4, f5, f7, f9, f10, ;14860;15384;524;3,40613624544982
620;base, f3, f4, f5, f8, f10, ;6986;7139;153;2,14315730494467
621;base, f3, f4, f5, f7, f8, f10, ;15180;15688;508;3,23814380418155
622;base, f3, f4, f5, f8, f9, f10, ;7084;7265,5;181,5;2,49810749432248
623;base, f3, f4, f5, f7, f8, f9, f10, ;15278;15812,5;534,5;3,38023715415019
624;base, f3, f5, f6, f10, ;8394;8574;180;2,09937018894331
625;base, f3, f5, f6, f9, f10, ;8541;8761,5;220,5;2,51669234720082
626;base, f3, f5, f6, f8, f10, ;9011;9206;195;2,11818379317836
627;base, f3, f5, f6, f8, f9, f10, ;9158;9401;243;2,58483140091479
628;base, f3, f4, f5, f6, f10, ;8991;9182,5;191,5;2,08548870133406
629;base, f3, f4, f5, f6, f8, f10, ;9608;9814;206;2,0990421846342
630;base, f3, f4, f5, f6, f9, f10, ;9138;9378;240;2,55918106206015
631;base, f3, f4, f5, f6, f8, f9, f10, ;9755;10009,5;254,5;2,54258454468255
632;base, f3, f5, f6, f7, f10, ;23085;23838,5;753,5;3,16085324160497
633;base, f3, f5, f6, f7, f9, f10, ;23232;24026;794;3,30475318405061
634;base, f3, f4, f5, f6, f7, f10, ;26080;26881;801;2,97979985863621
635;base, f3, f4, f5, f6, f7, f9, f10, ;26227;27084;857;3,16422980357406
636;base, f3, f5, f6, f7, f8, f10, ;23702;24486;784;3,20182961692396
637;base, f3, f4, f5, f6, f7, f8, f10, ;26697;27528;831;3,01874455100261
638;base, f3, f5, f6, f7, f8, f9, f10, ;23849;24665,5;816,5;3,31029170298595
639;base, f3, f4, f5, f6, f7, f8, f9, f10, ;26844;27715,5;871,5;3,14444985657845
640;base, f1, f10, ;3581;3639;58;1,59384446276449
641;base, f1, f9, f10, ;3630;3701,5;71,5;1,93164933135215
642;base, f1, f8, f10, ;3800;3873;73;1,8848437903434
643;base, f1, f8, f9, f10, ;3849;3935,5;86,5;2,19794181171389
644;base, f1, f7, f10, ;5680;5846;166;2,83954840916866
645;base, f1, f7, f8, f10, ;5899;6080;181;2,97697368421052
646;base, f1, f7, f9, f10, ;5729;5924;195;3,29169480081026
647;base, f1, f7, f8, f9, f10, ;5948;6150,5;202,5;3,29241525079262
648;base, f1, f6, f10, ;3980;4044,5;64,5;1,59475831375943
649;base, f1, f6, f9, f10, ;4029;4107;78;1,8991964937911
650;base, f1, f6, f7, f10, ;7678;7874,5;196,5;2,49539653311321
651;base, f1, f6, f7, f9, f10, ;7727;7937;210;2,64583595817059
652;base, f1, f6, f8, f10, ;4199;4278,5;79,5;1,85812784854505
653;base, f1, f6, f7, f8, f10, ;7897;8116;219;2,69837358304584
654;base, f1, f6, f8, f9, f10, ;4248;4341;93;2,14236351071182
655;base, f1, f6, f7, f8, f9, f10, ;7946;8171;225;2,75364092522335
656;base, f1, f5, f10, ;4181;4263;82;1,92352803190242
657;base, f1, f5, f9, f10, ;4230;4325,5;95,5;2,20783724424922
658;base, f1, f5, f8, f10, ;4400;4489;89;1,98262419247048
659;base, f1, f5, f8, f9, f10, ;4449;4559,5;110,5;2,42351134992872
660;base, f1, f5, f6, f10, ;4580;4661;81;1,73782450118
661;base, f1, f5, f6, f8, f10, ;4799;4895;96;1,9611848825332
662;base, f1, f5, f6, f9, f10, ;4629;4723;94;1,99026042769427
663;base, f1, f5, f6, f8, f9, f10, ;4848;4965;117;2,35649546827794
664;base, f1, f5, f7, f10, ;7479;7726;247;3,19699715247218
665;base, f1, f5, f7, f9, f10, ;7528;7788,5;260,5;3,3446748411119
666;base, f1, f5, f6, f7, f10, ;9477;9762;285;2,91948371235402
667;base, f1, f5, f6, f7, f9, f10, ;9526;9809;283;2,88510551534306
668;base, f1, f5, f7, f8, f10, ;7698;7960;262;3,29145728643216
669;base, f1, f5, f6, f7, f8, f10, ;9696;9988;292;2,92350820985182
670;base, f1, f5, f7, f8, f9, f10, ;7747;8022,5;275,5;3,43409161732627
671;base, f1, f5, f6, f7, f8, f9, f10, ;9745;10043;298;2,96724086428358
672;base, f1, f3, f10, ;6825;6914;89;1,28724327451548
673;base, f1, f3, f9, f10, ;6923;7039;116;1,64796135814747
674;base, f1, f3, f8, f10, ;7243;7359;116;1,57630112787064
675;base, f1, f3, f8, f9, f10, ;7341;7505,5;164,5;2,19172606755046
676;base, f1, f3, f7, f10, ;11023;11352;329;2,89816772374913
677;base, f1, f3, f7, f8, f10, ;11441;11797;356;3,01771636856829
678;base, f1, f3, f7, f9, f10, ;11121;11477;356;3,10185588568442
679;base, f1, f3, f7, f8, f9, f10, ;11539;11929;390;3,26934361639701
680;base, f1, f3, f5, f10, ;7724;7865,5;141,5;1,79899561375628
681;base, f1, f3, f5, f9, f10, ;7822;7990,5;168,5;2,10875414554783
682;base, f1, f3, f5, f7, f10, ;14320;14792;472;3,19091400757166
683;base, f1, f3, f5, f7, f9, f10, ;14418;14925;507;3,39698492462311
684;base, f1, f3, f5, f8, f10, ;8142;8302,5;160,5;1,93315266485997
685;base, f1, f3, f5, f7, f8, f10, ;14738;15221;483;3,17324748702451
686;base, f1, f3, f5, f8, f9, f10, ;8240;8427;187;2,2190577904355
687;base, f1, f3, f5, f7, f8, f9, f10, ;14836;15361;525;3,41774624047913
688;base, f1, f3, f6, f10, ;8750;8887;137;1,54157758523687
689;base, f1, f3, f6, f9, f10, ;8897;9082,5;185,5;2,04238921001927
690;base, f1, f3, f6, f8, f10, ;9367;9535;168;1,76192973256424
691;base, f1, f3, f6, f8, f9, f10, ;9514;9722;208;2,13947747377082
692;base, f1, f3, f5, f6, f10, ;9948;10135;187;1,84509126788357
693;base, f1, f3, f5, f6, f8, f10, ;10565;10783;218;2,02170082537327
694;base, f1, f3, f5, f6, f9, f10, ;10095;10330,5;235,5;2,27965732539568
695;base, f1, f3, f5, f6, f8, f9, f10, ;10712;10970;258;2,35186873290793
696;base, f1, f3, f6, f7, f10, ;19844;20431;587;2,87308501786501
697;base, f1, f3, f6, f7, f9, f10, ;19991;20611;620;3,0081024695551
698;base, f1, f3, f5, f6, f7, f10, ;24639;25408;769;3,02660579345088
699;base, f1, f3, f5, f6, f7, f9, f10, ;24786;25588;802;3,13428169454431
700;base, f1, f3, f6, f7, f8, f10, ;20461;21055;594;2,8211826169556
701;base, f1, f3, f5, f6, f7, f8, f10, ;25256;26047;791;3,03681805966139
702;base, f1, f3, f6, f7, f8, f9, f10, ;20608;21250,5;642,5;3,02345827157008
703;base, f1, f3, f5, f6, f7, f8, f9, f10, ;25403;26242,5;839,5;3,19900924073545
704;base, f1, f4, f10, ;3780;3842;62;1,61374284226964
705;base, f1, f4, f9, f10, ;3829;3896;67;1,71971252566735
706;base, f1, f4, f8, f10, ;3999;4076;77;1,88910696761531
707;base, f1, f4, f8, f9, f10, ;4048;4130;82;1,98547215496367
708;base, f1, f4, f7, f10, ;6678;6868;190;2,76645311589982
709;base, f1, f4, f7, f8, f10, ;6897;7094;197;2,77699464336058
710;base, f1, f4, f7, f9, f10, ;6727;6930,5;203,5;2,93629608253373
711;base, f1, f4, f7, f8, f9, f10, ;6946;7164,5;218,5;3,04975922953452
712;base, f1, f4, f6, f10, ;4179;4240;61;1,43867924528301
713;base, f1, f4, f6, f9, f10, ;4228;4310;82;1,90255220417633
714;base, f1, f4, f6, f7, f10, ;8676;8896;220;2,47302158273381
715;base, f1, f4, f6, f7, f9, f10, ;8725;8958,5;233,5;2,60646313556957
716;base, f1, f4, f6, f8, f10, ;4398;4474;76;1,69870362092088
717;base, f1, f4, f6, f7, f8, f10, ;8895;9130;235;2,57393209200438
718;base, f1, f4, f6, f8, f9, f10, ;4447;4544;97;2,13468309859155
719;base, f1, f4, f6, f7, f8, f9, f10, ;8944;9192,5;248,5;2,70329072613544
720;base, f1, f3, f4, f10, ;7223;7319,5;96,5;1,31839606530501
721;base, f1, f3, f4, f9, f10, ;7321;7452,5;131,5;1,76450855417644
722;base, f1, f3, f4, f8, f10, ;7641;7772;131;1,68553782810088
723;base, f1, f3, f4, f8, f9, f10, ;7739;7889;150;1,90138167068069
724;base, f1, f3, f4, f6, f10, ;9347;9504;157;1,65193602693603
725;base, f1, f3, f4, f6, f8, f10, ;9964;10135;171;1,68722249629995
726;base, f1, f3, f4, f6, f9, f10, ;9494;9683;189;1,95187441908499
727;base, f1, f3, f4, f6, f8, f9, f10, ;10111;10330,5;219,5;2,12477614829872
728;base, f1, f3, f4, f7, f10, ;13019;13388;369;2,75619958171497
729;base, f1, f3, f4, f7, f9, f10, ;13117;13513;396;2,93051135943166
730;base, f1, f3, f4, f6, f7, f10, ;22839;23458;619;2,63875863244948
731;base, f1, f3, f4, f6, f7, f9, f10, ;22986;23645;659;2,78705857475153
732;base, f1, f3, f4, f7, f8, f10, ;13437;13825;388;2,80650994575045
733;base, f1, f3, f4, f6, f7, f8, f10, ;23456;24089,5;633,5;2,62977645862306
734;base, f1, f3, f4, f7, f8, f9, f10, ;13535;13953;418;2,99577151866983
735;base, f1, f3, f4, f6, f7, f8, f9, f10, ;23603;24284,5;681,5;2,80631678642756
736;base, f1, f4, f5, f10, ;4380;4458;78;1,74966352624496
737;base, f1, f4, f5, f9, f10, ;4429;4528;99;2,18639575971731
738;base, f1, f4, f5, f8, f10, ;4599;4700;101;2,14893617021276
739;base, f1, f4, f5, f8, f9, f10, ;4648;4754;106;2,22970130416492
740;base, f1, f4, f5, f7, f10, ;8477;8740;263;3,00915331807781
741;base, f1, f4, f5, f7, f8, f10, ;8696;8966;270;3,01137631050636
742;base, f1, f4, f5, f7, f9, f10, ;8526;8802,5;276,5;3,14115308151094
743;base, f1, f4, f5, f7, f8, f9, f10, ;8745;9029,5;284,5;3,15078354283183
744;base, f1, f3, f4, f5, f10, ;8122;8279;157;1,89636429520473
745;base, f1, f3, f4, f5, f9, f10, ;8220;8404;184;2,18943360304617
746;base, f1, f3, f4, f5, f7, f10, ;16316;16835,5;519,5;3,0857414392207
747;base, f1, f3, f4, f5, f7, f9, f10, ;16414;16953,5;539,5;3,18223375704132
748;base, f1, f3, f4, f5, f8, f10, ;8540;8700;160;1,83908045977012
749;base, f1, f3, f4, f5, f7, f8, f10, ;16734;17265;531;3,0755864465682
750;base, f1, f3, f4, f5, f8, f9, f10, ;8638;8833;195;2,20763047662176
751;base, f1, f3, f4, f5, f7, f8, f9, f10, ;16832;17381,5;549,5;3,16140724333343
752;base, f1, f4, f5, f6, f10, ;4779;4871,5;92,5;1,89879913784256
753;base, f1, f4, f5, f6, f9, f10, ;4828;4934;106;2,14835832995541
754;base, f1, f4, f5, f6, f8, f10, ;4998;5098;100;1,96155355041192
755;base, f1, f4, f5, f6, f8, f9, f10, ;5047;5168;121;2,34133126934985
756;base, f1, f3, f4, f5, f6, f10, ;10545;10759;214;1,98903243795891
757;base, f1, f3, f4, f5, f6, f8, f10, ;11162;11395;233;2,0447564721369
758;base, f1, f3, f4, f5, f6, f9, f10, ;10692;10939;247;2,257976048999
759;base, f1, f3, f4, f5, f6, f8, f9, f10, ;11309;11578,5;269,5;2,32758992961092
760;base, f1, f4, f5, f6, f7, f10, ;10475;10768;293;2,72102526002972
761;base, f1, f4, f5, f6, f7, f9, f10, ;10524;10830,5;306,5;2,8299709154702
762;base, f1, f3, f4, f5, f6, f7, f10, ;27634;28457,5;823,5;2,89378898357199
763;base, f1, f3, f4, f5, f6, f7, f9, f10, ;27781;28649;868;3,02977416314705
764;base, f1, f4, f5, f6, f7, f8, f10, ;10694;11010;316;2,87011807447774
765;base, f1, f3, f4, f5, f6, f7, f8, f10, ;28251;29097;846;2,90751623878751
766;base, f1, f4, f5, f6, f7, f8, f9, f10, ;10743;11072;329;2,97145953757226
767;base, f1, f3, f4, f5, f6, f7, f8, f9, f10, ;28398;29277;879;3,00235679885235
768;base, f2, f10, ;9273;9338,5;65,5;0,701397440702465
769;base, f2, f9, f10, ;9372;9463,5;91,5;0,966872721508949
770;base, f2, f8, f10, ;9692;9791;99;1,01113267286283
771;base, f2, f8, f9, f10, ;9791;9916;125;1,26058894715611
772;base, f2, f7, f10, ;13472;13784,5;312,5;2,26703906561718
773;base, f2, f7, f8, f10, ;13891;14221,5;330,5;2,32394613788982
774;base, f2, f7, f9, f10, ;13571;13894;323;2,32474449402619
775;base, f2, f7, f8, f9, f10, ;13990;14338;348;2,42711675268517
776;base, f2, f6, f10, ;11200;11320;120;1,06007067137809
777;base, f2, f6, f9, f10, ;11348;11507;159;1,38176761970975
778;base, f2, f6, f7, f10, ;22296;22825,5;529,5;2,31977393704409
779;base, f2, f6, f7, f9, f10, ;22444;23028;584;2,53604307799201
780;base, f2, f6, f8, f10, ;11818;11967;149;1,24509066599816
781;base, f2, f6, f7, f8, f10, ;22914;23488;574;2,44380108991825
782;base, f2, f6, f8, f9, f10, ;11966;12146,5;180,5;1,48602478080106
783;base, f2, f6, f7, f8, f9, f10, ;23062;23662,5;600,5;2,53777073428421
784;base, f2, f5, f10, ;10173;10282;109;1,06010503793037
785;base, f2, f5, f9, f10, ;10272;10407;135;1,29720380513116
786;base, f2, f5, f8, f10, ;10592;10727;135;1,25850657220099
787;base, f2, f5, f8, f9, f10, ;10691;10852;161;1,48359749354958
788;base, f2, f5, f6, f10, ;12399;12568;169;1,34468491406747
789;base, f2, f5, f6, f8, f10, ;13017;13217,5;200,5;1,51692831473426
790;base, f2, f5, f6, f9, f10, ;12547;12747;200;1,56899662665725
791;base, f2, f5, f6, f8, f9, f10, ;13165;13394,5;229,5;1,71338982418156
792;base, f2, f5, f7, f10, ;16770;17209;439;2,5509907606485
793;base, f2, f5, f7, f9, f10, ;16869;17349;480;2,76673007089745
794;base, f2, f5, f6, f7, f10, ;27092;27840;748;2,68678160919541
795;base, f2, f5, f6, f7, f9, f10, ;27240;28027,5;787,5;2,80974043350281
796;base, f2, f5, f7, f8, f10, ;17189;17653,5;464,5;2,63120627637579
797;base, f2, f5, f6, f7, f8, f10, ;27710;28472;762;2,67631357122788
798;base, f2, f5, f7, f8, f9, f10, ;17288;17770;482;2,71243669105233
799;base, f2, f5, f6, f7, f8, f9, f10, ;27858;28667;809;2,82206020860222
800;base, f2, f4, f10, ;9672;9744;72;0,738916256157637
801;base, f2, f4, f9, f10, ;9771;9869;98;0,993008410173275
802;base, f2, f4, f8, f10, ;10091;10196,5;105,5;1,03466875888785
803;base, f2, f4, f8, f9, f10, ;10190;10321,5;131,5;1,27403962602335
804;base, f2, f4, f7, f10, ;15469;15797;328;2,07634360954611
805;base, f2, f4, f7, f8, f10, ;15888;16258;370;2,27580268175667
806;base, f2, f4, f7, f9, f10, ;15568;15930;362;2,27244193345888
807;base, f2, f4, f7, f8, f9, f10, ;15987;16374;387;2,36350311469403
808;base, f2, f4, f5, f10, ;10572;10688,5;116,5;1,08995649529868
809;base, f2, f4, f5, f9, f10, ;10671;10820,5;149,5;1,38163670810036
810;base, f2, f4, f5, f7, f10, ;18767;19252;485;2,51921878246417
811;base, f2, f4, f5, f7, f9, f10, ;18866;19377;511;2,63714713319915
812;base, f2, f4, f5, f8, f10, ;10991;11132,5;141,5;1,2710532225466
813;base, f2, f4, f5, f7, f8, f10, ;19186;19681,5;495,5;2,51759266316084
814;base, f2, f4, f5, f8, f9, f10, ;11090;11250;160;1,42222222222222
815;base, f2, f4, f5, f7, f8, f9, f10, ;19285;19814;529;2,66982941354598
816;base, f2, f4, f6, f10, ;11798;11924;126;1,05669238510566
817;base, f2, f4, f6, f9, f10, ;11946;12108;162;1,33795837462834
818;base, f2, f4, f6, f8, f10, ;12416;12568;152;1,20942075111394
819;base, f2, f4, f6, f8, f9, f10, ;12564;12755;191;1,49745197961583
820;base, f2, f4, f5, f6, f10, ;12997;13168;171;1,29860267314702
821;base, f2, f4, f5, f6, f8, f10, ;13615;13824;209;1,51186342592592
822;base, f2, f4, f5, f6, f9, f10, ;13145;13363,5;218,5;1,63505069779623
823;base, f2, f4, f5, f6, f8, f9, f10, ;13763;13995;232;1,65773490532332
824;base, f2, f4, f6, f7, f10, ;25291;25890;599;2,31363460795674
825;base, f2, f4, f6, f7, f9, f10, ;25439;26070;631;2,42040659762179
826;base, f2, f4, f5, f6, f7, f10, ;30087;30874,5;787,5;2,55064859349949
827;base, f2, f4, f5, f6, f7, f9, f10, ;30235;31069,5;834,5;2,68591383833019
828;base, f2, f4, f6, f7, f8, f10, ;25909;26522;613;2,31128874142222
829;base, f2, f4, f5, f6, f7, f8, f10, ;30705;31530;825;2,61655566127497
830;base, f2, f4, f6, f7, f8, f9, f10, ;26057;26709;652;2,44112471451571
831;base, f2, f4, f5, f6, f7, f8, f9, f10, ;30853;31717;864;2,72409118138538
832;base, f1, f2, f10, ;10827;10900;73;0,669724770642205
833;base, f1, f2, f9, f10, ;10926;11032,5;106,5;0,965329707681846
834;base, f1, f2, f8, f10, ;11246;11361,5;115,5;1,0165911191304
835;base, f1, f2, f8, f9, f10, ;11345;11485;140;1,21898127993035
836;base, f1, f2, f7, f10, ;15026;15346;320;2,08523393718232
837;base, f1, f2, f7, f8, f10, ;15445;15783;338;2,14154469999366
838;base, f1, f2, f7, f9, f10, ;15125;15471;346;2,23644237605843
839;base, f1, f2, f7, f8, f9, f10, ;15544;15907;363;2,28201420758157
840;base, f1, f2, f6, f10, ;12754;12889;135;1,04740476375204
841;base, f1, f2, f6, f9, f10, ;12902;13076;174;1,33068216579994
842;base, f1, f2, f6, f7, f10, ;23850;24409;559;2,29013888319882
843;base, f1, f2, f6, f7, f9, f10, ;23998;24597;599;2,43525633207302
844;base, f1, f2, f6, f8, f10, ;13372;13531;159;1,17507944719533
845;base, f1, f2, f6, f7, f8, f10, ;24468;25060;592;2,36233040702315
846;base, f1, f2, f6, f8, f9, f10, ;13520;13715,5;195,5;1,42539462651744
847;base, f1, f2, f6, f7, f8, f9, f10, ;24616;25244;628;2,48771985422279
848;base, f1, f2, f4, f10, ;11226;11313;87;0,76902678334659
849;base, f1, f2, f4, f9, f10, ;11325;11438;113;0,987934953663228
850;base, f1, f2, f4, f8, f10, ;11645;11765,5;120,5;1,02418086779143
851;base, f1, f2, f4, f8, f9, f10, ;11744;11890,5;146,5;1,23207602708044
852;base, f1, f2, f4, f6, f10, ;13352;13497;145;1,07431281025413
853;base, f1, f2, f4, f6, f8, f10, ;13970;14137;167;1,18129730494447
854;base, f1, f2, f4, f6, f9, f10, ;13500;13684,5;184,5;1,34824071029267
855;base, f1, f2, f4, f6, f8, f9, f10, ;14118;14324;206;1,43814576933818
856;base, f1, f2, f4, f7, f10, ;17023;17381,5;358,5;2,06253775565975
857;base, f1, f2, f4, f7, f9, f10, ;17122;17499;377;2,15440882336134
858;base, f1, f2, f4, f6, f7, f10, ;26845;27459;614;2,23606103645434
859;base, f1, f2, f4, f6, f7, f9, f10, ;26993;27646,5;653,5;2,36377118260901
860;base, f1, f2, f4, f7, f8, f10, ;17442;17830,5;388,5;2,17885084546143
861;base, f1, f2, f4, f6, f7, f8, f10, ;27463;28083;620;2,20774133817612
862;base, f1, f2, f4, f7, f8, f9, f10, ;17541;17935;394;2,19682185670477
863;base, f1, f2, f4, f6, f7, f8, f9, f10, ;27611;28278,5;667,5;2,36045051894548
864;base, f1, f2, f5, f10, ;11727;11859;132;1,11307867442449
865;base, f1, f2, f5, f9, f10, ;11826;11992;166;1,38425617078052
866;base, f1, f2, f5, f8, f10, ;12146;12296;150;1,21990891346779
867;base, f1, f2, f5, f8, f9, f10, ;12245;12421;176;1,41695515658965
868;base, f1, f2, f5, f7, f10, ;18324;18793;469;2,49561006757835
869;base, f1, f2, f5, f7, f8, f10, ;18743;19230;487;2,532501300052
870;base, f1, f2, f5, f7, f9, f10, ;18423;18910,5;487,5;2,57793289442374
871;base, f1, f2, f5, f7, f8, f9, f10, ;18842;19339;497;2,56993639795232
872;base, f1, f2, f4, f5, f10, ;12126;12257;131;1,06877702537325
873;base, f1, f2, f4, f5, f9, f10, ;12225;12389,5;164,5;1,32773719681988
874;base, f1, f2, f4, f5, f7, f10, ;20321;20813,5;492,5;2,36625267254426
875;base, f1, f2, f4, f5, f7, f9, f10, ;20420;21064;644;3,05734903152297
876;base, f1, f2, f4, f5, f8, f10, ;12545;12709;164;1,2904241088992
877;base, f1, f2, f4, f5, f7, f8, f10, ;20740;21243;503;2,36783881749282
878;base, f1, f2, f4, f5, f8, f9, f10, ;12644;12819;175;1,36516108900851
879;base, f1, f2, f4, f5, f7, f8, f9, f10, ;20839;21367;528;2,47110029484719
880;base, f1, f2, f5, f6, f10, ;13953;14129;176;1,24566494444051
881;base, f1, f2, f5, f6, f9, f10, ;14101;14324;223;1,55682770175929
882;base, f1, f2, f5, f6, f8, f10, ;14571;14782;211;1,42741171695305
883;base, f1, f2, f5, f6, f8, f9, f10, ;14719;14956;237;1,58464830168494
884;base, f1, f2, f4, f5, f6, f10, ;14551;14737;186;1,26212933432856
885;base, f1, f2, f4, f5, f6, f8, f10, ;15169;15377;208;1,35266957143786
886;base, f1, f2, f4, f5, f6, f9, f10, ;14699;14933;234;1,56699926337642
887;base, f1, f2, f4, f5, f6, f8, f9, f10, ;15317;15572;255;1,63755458515284
888;base, f1, f2, f5, f6, f7, f10, ;28646;29409;763;2,5944438777245
889;base, f1, f2, f5, f6, f7, f9, f10, ;28794;29588,5;794,5;2,6851648444497
890;base, f1, f2, f4, f5, f6, f7, f10, ;31641;32436;795;2,45098039215686
891;base, f1, f2, f4, f5, f6, f7, f9, f10, ;31789;32638,5;849,5;2,60275441579729
892;base, f1, f2, f5, f6, f7, f8, f10, ;29264;30041;777;2,5864651642755
893;base, f1, f2, f4, f5, f6, f7, f8, f10, ;32259;33099;840;2,53784102238738
894;base, f1, f2, f5, f6, f7, f8, f9, f10, ;29412;30236;824;2,72522820478899
895;base, f1, f2, f4, f5, f6, f7, f8, f9, f10, ;32407;33270;863;2,59392846408176
896;base, f2, f3, f10, ;11963;12058,5;95,5;0,791972467554004
897;base, f2, f3, f9, f10, ;12111;12246;135;1,10240078392944
898;base, f2, f3, f8, f10, ;12581;12714;133;1,04609092339153
899;base, f2, f3, f8, f9, f10, ;12729;12893;164;1,27200806639262
900;base, f2, f3, f7, f10, ;18261;18727,5;466,5;2,49098918702443
901;base, f2, f3, f7, f8, f10, ;18879;19375;496;2,56
902;base, f2, f3, f7, f9, f10, ;18409;18899,5;490,5;2,59530675414693
903;base, f2, f3, f7, f8, f9, f10, ;19027;19554;527;2,6951007466503
904;base, f2, f3, f6, f10, ;15416;15608;192;1,23013839056894
905;base, f2, f3, f6, f9, f10, ;15662;15927,5;265,5;1,66692826871763
906;base, f2, f3, f6, f7, f10, ;33908;34834,5;926,5;2,6597195309248
907;base, f2, f3, f6, f7, f9, f10, ;34154;35146,5;992,5;2,8238942711223
908;base, f2, f3, f6, f8, f10, ;16432;16660,5;228,5;1,37150745775936
909;base, f2, f3, f6, f7, f8, f10, ;34924;35880;956;2,66443701226309
910;base, f2, f3, f6, f8, f9, f10, ;16678;16980;302;1,77856301531213
911;base, f2, f3, f6, f7, f8, f9, f10, ;35170;36184,5;1014,5;2,8036866614158
912;base, f2, f3, f5, f10, ;13162;13330;168;1,26031507876969
913;base, f2, f3, f5, f9, f10, ;13310;13509,5;199,5;1,47673859136164
914;base, f2, f3, f5, f8, f10, ;13780;13962;182;1,30353817504655
915;base, f2, f3, f5, f8, f9, f10, ;13928;14149;221;1,56194784083681
916;base, f2, f3, f5, f6, f10, ;17213;17487,5;274,5;1,56969263759828
917;base, f2, f3, f5, f6, f8, f10, ;18229;18540;311;1,67745415318231
918;base, f2, f3, f5, f6, f9, f10, ;17459;17799,5;340,5;1,91297508356976
919;base, f2, f3, f5, f6, f8, f9, f10, ;18475;18852;377;1,99978782092086
920;base, f2, f3, f5, f7, f10, ;23057;23719,5;662,5;2,79306056198486
921;base, f2, f3, f5, f7, f9, f10, ;23205;23899;694;2,90388719193271
922;base, f2, f3, f5, f6, f7, f10, ;41700;42938,5;1238,5;2,88435786066118
923;base, f2, f3, f5, f6, f7, f9, f10, ;41946;43250,5;1304,5;3,01615010231096
924;base, f2, f3, f5, f7, f8, f10, ;23675;24367;692;2,83990643082858
925;base, f2, f3, f5, f6, f7, f8, f10, ;42716;43984;1268;2,88286649690797
926;base, f2, f3, f5, f7, f8, f9, f10, ;23823;24554;731;2,97711167223262
927;base, f2, f3, f5, f6, f7, f8, f9, f10, ;42962;31477,5;-11484,5;-36,4847907235327
928;base, f1, f2, f3, f10, ;14071;14222;151;1,06173533961469
929;base, f1, f2, f3, f9, f10, ;14219;14393,5;174,5;1,21235279813804
930;base, f1, f2, f3, f8, f10, ;14689;14854;165;1,11081190251784
931;base, f1, f2, f3, f8, f9, f10, ;14837;15033;196;1,30379831038383
932;base, f1, f2, f3, f7, f10, ;20369;20844;475;2,27883323738246
933;base, f1, f2, f3, f7, f8, f10, ;20987;21491,5;504,5;2,34743968545705
934;base, f1, f2, f3, f7, f9, f10, ;20517;21031;514;2,44401122153012
935;base, f1, f2, f3, f7, f8, f9, f10, ;21135;21686,5;551,5;2,54305674036843
936;base, f1, f2, f3, f5, f10, ;15270;15446,5;176,5;1,14265367558994
937;base, f1, f2, f3, f5, f9, f10, ;15418;15630,5;212,5;1,35952144845015
938;base, f1, f2, f3, f5, f7, f10, ;25165;25859;694;2,68378514250358
939;base, f1, f2, f3, f5, f7, f9, f10, ;25313;26039;726;2,78812550405162
940;base, f1, f2, f3, f5, f8, f10, ;15888;16094;206;1,27998011681372
941;base, f1, f2, f3, f5, f7, f8, f10, ;25783;26488;705;2,66158260344307
942;base, f1, f2, f3, f5, f8, f9, f10, ;16036;16273;237;1,45640017206415
943;base, f1, f2, f3, f5, f7, f8, f9, f10, ;25931;26670,5;739,5;2,77272642057704
944;base, f1, f2, f3, f6, f10, ;17524;17739,5;215,5;1,21480312297416
945;base, f1, f2, f3, f6, f9, f10, ;17770;18051,5;281,5;1,55942719441597
946;base, f1, f2, f3, f6, f8, f10, ;18540;18793;253;1,34624594263822
947;base, f1, f2, f3, f6, f8, f9, f10, ;18786;19097;311;1,62852804105357
948;base, f1, f2, f3, f5, f6, f10, ;19321;19612;291;1,48378543748726
949;base, f1, f2, f3, f5, f6, f8, f10, ;20337;20665;328;1,58722477619163
950;base, f1, f2, f3, f5, f6, f9, f10, ;19567;19923,5;356,5;1,78934424172459
951;base, f1, f2, f3, f5, f6, f8, f9, f10, ;20583;20977;394;1,87824760451923
952;base, f1, f2, f3, f6, f7, f10, ;36016;36951;935;2,53037806825255
953;base, f1, f2, f3, f6, f7, f9, f10, ;36262;37272,5;1010,5;2,71111409215909
954;base, f1, f2, f3, f5, f6, f7, f10, ;43808;45072,5;1264,5;2,80548005990349
955;base, f1, f2, f3, f5, f6, f7, f9, f10, ;44054;45378,5;1324,5;2,91878312416674
956;base, f1, f2, f3, f6, f7, f8, f10, ;37032;37991;959;2,5242820668053
957;base, f1, f2, f3, f5, f6, f7, f8, f10, ;44824;46104;1280;2,77633177164671
958;base, f1, f2, f3, f6, f7, f8, f9, f10, ;37278;38278,5;1000,5;2,61373878286767
959;base, f1, f2, f3, f5, f6, f7, f8, f9, f10, ;45070;46429,5;1359,5;2,92809528424816
960;base, f2, f3, f4, f10, ;12561;12667;106;0,836820083682014
961;base, f2, f3, f4, f9, f10, ;12709;12854;145;1,1280535241948
962;base, f2, f3, f4, f8, f10, ;13179;13330;151;1,13278319579895
963;base, f2, f3, f4, f8, f9, f10, ;13327;13509,5;182,5;1,35090121766164
964;base, f2, f3, f4, f7, f10, ;21256;21762;506;2,32515393805717
965;base, f2, f3, f4, f7, f8, f10, ;21874;22404;530;2,36564899125156
966;base, f2, f3, f4, f7, f9, f10, ;21404;21965;561;2,55406328249488
967;base, f2, f3, f4, f7, f8, f9, f10, ;22022;22593,5;571,5;2,52948856972138
968;base, f2, f3, f4, f6, f10, ;16412;16629,5;217,5;1,30791665413872
969;base, f2, f3, f4, f6, f9, f10, ;16658;16941,5;283,5;1,67340554260248
970;base, f2, f3, f4, f6, f7, f10, ;38900;39904,5;1004,5;2,51725995815008
971;base, f2, f3, f4, f6, f7, f9, f10, ;39146;40204;1058;2,63157894736842
972;base, f2, f3, f4, f6, f8, f10, ;17428;17682,5;254,5;1,43927612045808
973;base, f2, f3, f4, f6, f7, f8, f10, ;39916;40942;1026;2,50598407503297
974;base, f2, f3, f4, f6, f8, f9, f10, ;17674;17990;316;1,75653140633685
975;base, f2, f3, f4, f6, f7, f8, f9, f10, ;40162;41255,5;1093,5;2,65055568348463
976;base, f1, f2, f3, f4, f10, ;14669;14791;122;0,824825907646542
977;base, f1, f2, f3, f4, f9, f10, ;14817;14986,5;169,5;1,13101791612451
978;base, f1, f2, f3, f4, f8, f10, ;15287;15446,5;159,5;1,0325963810572
979;base, f1, f2, f3, f4, f8, f9, f10, ;15435;15626;191;1,22232177140663
980;base, f1, f2, f3, f4, f6, f10, ;18520;18753,5;233,5;1,24510091449596
981;base, f1, f2, f3, f4, f6, f8, f10, ;19536;19799;263;1,32834991666246
982;base, f1, f2, f3, f4, f6, f9, f10, ;18766;19073;307;1,60960520106957
983;base, f1, f2, f3, f4, f6, f8, f9, f10, ;19782;20119;337;1,67503355037526
984;base, f1, f2, f3, f4, f7, f10, ;23364;23883;519;2,17309383243311
985;base, f1, f2, f3, f4, f7, f9, f10, ;23512;24080;568;2,35880398671097
986;base, f1, f2, f3, f4, f6, f7, f10, ;41008;42023;1015;2,4153439782976
987;base, f1, f2, f3, f4, f6, f7, f9, f10, ;41254;42333;1079;2,54883896723597
988;base, f1, f2, f3, f4, f7, f8, f10, ;23982;24541;559;2,27782078969886
989;base, f1, f2, f3, f4, f6, f7, f8, f10, ;42024;43068,5;1044,5;2,42520635731451
990;base, f1, f2, f3, f4, f7, f8, f9, f10, ;24130;24724;594;2,40252386345252
991;base, f1, f2, f3, f4, f6, f7, f8, f9, f10, ;42270;43381,5;1111,5;2,56215206943052
992;base, f2, f3, f4, f5, f10, ;13760;13928;168;1,20620333141872
993;base, f2, f3, f4, f5, f9, f10, ;13908;14112,5;204,5;1,44906997342781
994;base, f2, f3, f4, f5, f8, f10, ;14378;14570,5;192,5;1,32116262310834
995;base, f2, f3, f4, f5, f8, f9, f10, ;14526;14757,5;231,5;1,56869388446553
996;base, f2, f3, f4, f5, f7, f10, ;26052;26769,5;717,5;2,68028913502307
997;base, f2, f3, f4, f5, f7, f8, f10, ;26670;27401;731;2,66778584723185
998;base, f2, f3, f4, f5, f7, f9, f10, ;26200;26953;753;2,79375208696619
999;base, f2, f3, f4, f5, f7, f8, f9, f10, ;26818;27596;778;2,81924916654587
1000;base, f1, f2, f3, f4, f5, f10, ;15868;16055;187;1,1647461849891
1001;base, f1, f2, f3, f4, f5, f9, f10, ;16016;16234;218;1,34286066280646
1002;base, f1, f2, f3, f4, f5, f7, f10, ;28160;28883;723;2,50320257590971
1003;base, f1, f2, f3, f4, f5, f7, f9, f10, ;28308;29081,5;773,5;2,65976651823324
1004;base, f1, f2, f3, f4, f5, f8, f10, ;16486;16703;217;1,29916781416512
1005;base, f1, f2, f3, f4, f5, f7, f8, f10, ;28778;29525,5;747,5;2,53170987790216
1006;base, f1, f2, f3, f4, f5, f8, f9, f10, ;16634;16874;240;1,42230650705227
1007;base, f1, f2, f3, f4, f5, f7, f8, f9, f10, ;28926;29723;797;2,6814251589678
1008;base, f2, f3, f4, f5, f6, f10, ;18209;18495;286;1,54636388213031
1009;base, f2, f3, f4, f5, f6, f9, f10, ;18455;18813,5;358,5;1,90554654902066
1010;base, f2, f3, f4, f5, f6, f8, f10, ;19225;19547;322;1,64731160791938
1011;base, f2, f3, f4, f5, f6, f8, f9, f10, ;19471;19864;393;1,97845348368908
1012;base, f1, f2, f3, f4, f5, f6, f10, ;20317;20625,5;308,5;1,49572131584689
1013;base, f1, f2, f3, f4, f5, f6, f8, f10, ;21333;21687,5;354,5;1,63458213256484
1014;base, f1, f2, f3, f4, f5, f6, f9, f10, ;20563;20937,5;374,5;1,7886567164179
1015;base, f1, f2, f3, f4, f5, f6, f8, f9, f10, ;21579;21983;404;1,83778374198243
1016;base, f2, f3, f4, f5, f6, f7, f10, ;46692;48009;1317;2,74323564331688
1017;base, f2, f3, f4, f5, f6, f7, f9, f10, ;46938;48329;1391;2,87818907902088
1018;base, f1, f2, f3, f4, f5, f6, f7, f10, ;48800;50130;1330;2,65310193496909
1019;base, f1, f2, f3, f4, f5, f6, f7, f9, f10, ;49046;50455,5;1409,5;2,79355075264341
1020;base, f2, f3, f4, f5, f6, f7, f8, f10, ;47708;49055;1347;2,74589746203242
1021;base, f1, f2, f3, f4, f5, f6, f7, f8, f10, ;49816;51179;1363;2,66320170382383
1022;base, f2, f3, f4, f5, f6, f7, f8, f9, f10, ;47954;49382;1428;2,89174193025799
1023;base, f1, f2, f3, f4, f5, f6, f7, f8, f9, f10, ;50062;51498;1436;2,78845780418656
